<?xml version="1.0" encoding="UTF-8"?>
<project-private xmlns="http://www.netbeans.org/ns/project-private/1">
    <editor-bookmarks xmlns="http://www.netbeans.org/ns/editor-bookmarks/2" lastBookmarkId="0"/>
    <open-files xmlns="http://www.netbeans.org/ns/projectui-open-files/2">
        <group>
            <file>file:/G:/My%20Drive/5to%20semestre/Topicos%20avanzados/UNIDAD%204/Programas/TAP_U4_P1_BaseDatos/src/package1/Actualizar.java</file>
            <file>file:/G:/My%20Drive/5to%20semestre/Topicos%20avanzados/UNIDAD%204/Programas/TAP_U4_P1_BaseDatos/src/package1/Persona.java</file>
            <file>file:/G:/My%20Drive/5to%20semestre/Topicos%20avanzados/UNIDAD%204/Programas/TAP_U4_P1_BaseDatos/src/package1/BaseDatos.java</file>
            <file>file:/G:/My%20Drive/5to%20semestre/Topicos%20avanzados/UNIDAD%204/Programas/TAP_U4_P1_BaseDatos/src/package1/Aplicacion.java</file>
        </group>
    </open-files>
</project-private>
